{
  "author":"BuildFire"
  ,"pluginName":"People"
  ,"pluginDescription":"The People plugin allows you to include directory-like information about the people within your organization with pictures, contact info, bios, and even embed images and videos. Keywords: directory"
  ,"supportEmail":"support@buildfire.com"
  ,"supportSite":"http://learn.appdocumentation.com/plugin-tutorials/people-plugin-tutorial/"
  ,"pluginIcon":"icon.png"
  ,"offlineModeEnabled": true
  ,"control":{
    "content":{
      "enabled":true
    }
    , "design":{
      "enabled":true
    }
    , "settings":{
      "enabled":true
    }
  }
  ,"widget":{

  },
      "features" : [],
      "languages" : ["en"]
}
